slug,distillery,name,image_url,
akashi-meisei-japanese-blended-whisky-4969265728189,AKASHI,Akashi Meisei Japanese Blended Whisky,https://www.heinemann-shop.com/medias/527Wx527H-null?context=bWFzdGVyfGltYWdlc3w1Nzg1NXxpbWFnZS9qcGVnfGFEZG1MMmhoTWk4eE1qQXdORGc1T0RnMk5URTRNaTgxTWpkWGVEVXlOMGhmYm5Wc2JBfDhhZWViMDE5ZDM1ZDZjNTc1NzRkOWU1MjVhZTY0YTIzNmM4ZjU0MDdkOGFjNjFiNmUyNWMwNWNhNjQ5ZmZiZDE&v=1744426579642,
aberfeldy-12-standard,Aberfeldy,Aberfeldy 12 Year Old,https://bcazowundzyzesxxddnr.supabase.co/storage/v1/object/public/bottles/expressions/aberfeldy-12-standard.jpg,
aberlour-12-double-cask,Aberlour,Aberlour 12 Double Cask Matured,"https://ik.imagekit.io/cvygf2xse/aberlour/wp-content/uploads/2024/12/Aberlour-12-Year-Old.jpg?tr=q-80,w-768",
aberlour-aberlour-12-years-old-5000299298558,Aberlour,Aberlour 14 Double Cask Matured,"https://ik.imagekit.io/cvygf2xse/aberlour/wp-content/uploads/2024/11/Aberlour-14-Year-Old.jpg?tr=q-80,w-768",
aberlour-aberlour-16-year-old,Aberlour,Aberlour 16 Double Cask Matured,"https://ik.imagekit.io/cvygf2xse/aberlour/wp-content/uploads/2024/11/Aberlour-16-Year-Old.jpg?tr=q-80,w-768",
aberlour-aberlour-18-year-old,Aberlour,Aberlour 18 Double Cask Matured,"https://ik.imagekit.io/cvygf2xse/aberlour/wp-content/uploads/2024/11/Aberlour-18-Year-Old.jpg?tr=q-80,w-768",
aberlour-abunadh-standard,Aberlour,Aberlour A'Bunadh,https://bcazowundzyzesxxddnr.supabase.co/storage/v1/object/public/bottles/expressions/aberlour-abunadh-standard.jpg,
aberlour-abunadh-limited,Aberlour,Aberlour AÆBunadh Limited Edition,"https://ik.imagekit.io/cvygf2xse/aberlour/wp-content/uploads/2025/10/ABER-packshot-ABunadh-limited-edition-wax-France_WEB-1x1-1.jpg?tr=q-80,w-768",
aberlour-abunadh-alba,Aberlour,Aberlour AÆBunadh Alba,"https://ik.imagekit.io/cvygf2xse/aberlour/wp-content/uploads/2024/11/Aberlour-Abunadh-Alba.jpg?tr=q-80,w-768",
aberlour-whisky-single-malt-14-ans-5000299620915,Aberlour,Whisky Single Malt 14 ans,https://bcazowundzyzesxxddnr.supabase.co/storage/v1/object/public/bottles/expressions/aberlour-aberlour-12-year-old-double-cask.jpg,
aberlour-scotch-speyside-quot-70cl-whisky-12-ans-aberlour-cask-43-deg-quot-3047100017849,Aberlour Scotch Speyside,&quot;70CL Whisky 12 Ans Aberlour Cask 43 &deg;&quot;,,
alberta-premium-canadian-rye-whisky-0777680001916,Alberta Premium,Canadian Rye Whisky,https://bcazowundzyzesxxddnr.supabase.co/storage/v1/object/public/bottles/expressions/canadian-rye-whisky-0777680001916.jpg,
canadian-rye-whisky-0777680001916,Alberta Premium,Canadian Rye Whisky,https://bcazowundzyzesxxddnr.supabase.co/storage/v1/object/public/bottles/expressions/canadian-rye-whisky-0777680001916.jpg,
aldi-samuel-joes-4088600260884,Aldi,Samuel Joes,,
amrut-fusion-standard,Amrut,Amrut Fusion,https://bcazowundzyzesxxddnr.supabase.co/storage/v1/object/public/bottles/expressions/amrut-fusion-standard.jpg,
amrut-peated-standard,Amrut,Amrut Peated Single Malt,https://bcazowundzyzesxxddnr.supabase.co/storage/v1/object/public/bottles/expressions/amrut-fusion-standard.jpg,
ardbeg-10-standard,Ardbeg,Ardbeg 10 Year Old,https://bcazowundzyzesxxddnr.supabase.co/storage/v1/object/public/bottles/expressions/ardbeg-10-standard.jpg,
ardbeg-ardbeg-10-year-old,Ardbeg,Ardbeg 10 Year Old,https://bcazowundzyzesxxddnr.supabase.co/storage/v1/object/public/bottles/expressions/ardbeg-uigeadail-standard.jpg,
ardbeg-an-oa-standard,Ardbeg,Ardbeg An Oa,https://bcazowundzyzesxxddnr.supabase.co/storage/v1/object/public/bottles/expressions/ardbeg-uigeadail-standard.jpg,
ardbeg-ardbeg-an-oa,Ardbeg,Ardbeg An Oa,https://bcazowundzyzesxxddnr.supabase.co/storage/v1/object/public/bottles/expressions/ardbeg-uigeadail-standard.jpg,
ardbeg-ardbeg-corryvreckan,Ardbeg,Ardbeg Corryvreckan,https://bcazowundzyzesxxddnr.supabase.co/storage/v1/object/public/bottles/expressions/ardbeg-uigeadail-standard.jpg,
ardbeg-corryvreckan-standard,Ardbeg,Ardbeg Corryvreckan,https://bcazowundzyzesxxddnr.supabase.co/storage/v1/object/public/bottles/expressions/ardbeg-corryvreckan-standard.jpg,
ardbeg-uigeadail-standard,Ardbeg,Ardbeg Uigeadail,https://bcazowundzyzesxxddnr.supabase.co/storage/v1/object/public/bottles/expressions/ardbeg-uigeadail-standard.jpg,
ardbeg-ardbeg-uigeadail,Ardbeg,Ardbeg Uigeadail,https://bcazowundzyzesxxddnr.supabase.co/storage/v1/object/public/bottles/expressions/ardbeg-uigeadail-standard.jpg,
bells-original-5000387905634,Arthur Bell & Sons,Bell's Original,,
ballantines-ballantines-12-ans-d-ge-5000299617144,Ballantine's,Ballantine's 12 ans d'├óge,,
ballantines-finest-5000299610633,Ballantine's,Ballantine's Finest,,
ballantines-ballantines-finest-5000299610633,Ballantine's,Ballantine's Finest,,
ballantines-finest-5000299610688,Ballantine's,Ballantine's Finest,,
ballantines-ballantines-finest-5010106112304,Ballantine's,Ballantine's Finest,,
ballantines-ballantines-finest-5000299610688,Ballantine's,Ballantine's Finest,,
ballantines-ballantines-finest-5000299610619,Ballantine's,Ballantine's Finest,,
ballantines-finest-5010106113127,Ballantine's,Ballantine's Finest,,
ballantines-ballantines-finest-5000299610886,Ballantine's,Ballantine's Finest,,
ballentines-blended-scotch-whisky-5010106110232,Ballentines,Blended scotch whisky,,
balvenie-12-doublewood,Balvenie,Balvenie 12 DoubleWood,https://bcazowundzyzesxxddnr.supabase.co/storage/v1/object/public/bottles/expressions/balvenie-the-balvenie-caribbean-cask-14-yo-scotch-5010327524566.jpg,
balvenie-14-caribbean,Balvenie,Balvenie 14 Caribbean Cask,https://bcazowundzyzesxxddnr.supabase.co/storage/v1/object/public/bottles/expressions/balvenie-the-balvenie-caribbean-cask-14-yo-scotch-5010327524566.jpg,
balvenie-17-doublewood,Balvenie,Balvenie 17 DoubleWood,https://bcazowundzyzesxxddnr.supabase.co/storage/v1/object/public/bottles/expressions/balvenie-17-doublewood.jpg,
balvenie-balvenie-caribbean-cask-14-year-old,Balvenie,Balvenie Caribbean Cask 14 Year Old,https://bcazowundzyzesxxddnr.supabase.co/storage/v1/object/public/bottles/expressions/balvenie-the-balvenie-caribbean-cask-14-yo-scotch-5010327524566.jpg,
balvenie-balvenie-doublewood-12-year-old,Balvenie,Balvenie DoubleWood 12 Year Old,https://bcazowundzyzesxxddnr.supabase.co/storage/v1/object/public/bottles/expressions/balvenie-the-balvenie-caribbean-cask-14-yo-scotch-5010327524566.jpg,
balvenie-balvenie-doublewood-17-year-old,Balvenie,Balvenie DoubleWood 17 Year Old,https://bcazowundzyzesxxddnr.supabase.co/storage/v1/object/public/bottles/expressions/balvenie-the-balvenie-caribbean-cask-14-yo-scotch-5010327524566.jpg,
balvenie-the-balvenie-caribbean-cask-14-yo-scotch-5010327524566,Balvenie,The Balvenie Caribbean Cask 14 Yo Scotch,https://bcazowundzyzesxxddnr.supabase.co/storage/v1/object/public/bottles/expressions/balvenie-the-balvenie-caribbean-cask-14-yo-scotch-5010327524566.jpg,
beautysane-energy-diet-vanille-5010496002179,Beautysane,Energy Diet Vanille,,
bells-blended-scotch-whisky-5000387905504,Bell's,Bell's Blended Scotch Whisky,,
big-peat-big-peat-small-batch-whisky-46-5014218776256,Big Peat,Big Peat Small Batch Whisky 46%,,
blantons-original-standard,Blanton's,Blanton's Original Single Barrel,https://bcazowundzyzesxxddnr.supabase.co/storage/v1/object/public/bottles/expressions/blantons-sftb-standard.jpg,
blantons-sftb-standard,Blanton's,Blanton's Straight From The Barrel,https://bcazowundzyzesxxddnr.supabase.co/storage/v1/object/public/bottles/expressions/blantons-sftb-standard.jpg,
blender-scotch-william-peel-scotch-whisky-3107872006769,Blender scotch,William Peel Scotch Whisky,https://bcazowundzyzesxxddnr.supabase.co/storage/v1/object/public/bottles/expressions/blender-scotch-william-peel-scotch-whisky-3107872006769.jpg,
bowmore-12-standard,Bowmore,Bowmore 12 Year Old,,
bowmore-bowmore-12-year-old,Bowmore,Bowmore 12 Year Old,,
bowmore-15-darkest,Bowmore,Bowmore 15 Darkest,,
bowmore-bowmore-15-year-old,Bowmore,Bowmore 15 Year Old,,
bowmore-bowmore-18-year-old,Bowmore,Bowmore 18 Year Old,,
bowmore-small-batch-5010496002902,Bowmore,Small Batch,,
bruichladdich-bruichladdich-the-classic-laddie,Bruichladdich,Bruichladdich The Classic Laddie,https://bcazowundzyzesxxddnr.supabase.co/storage/v1/object/public/bottles/expressions/port-charlotte-10-standard.jpg,
bruichladdich-classic-laddie-std,Bruichladdich,Bruichladdich The Classic Laddie,https://bcazowundzyzesxxddnr.supabase.co/storage/v1/object/public/bottles/expressions/port-charlotte-10-standard.jpg,
bruichladdich-octomore-12-1,Bruichladdich,Octomore 12.1,https://bcazowundzyzesxxddnr.supabase.co/storage/v1/object/public/bottles/expressions/port-charlotte-10-standard.jpg,
octomore-14-1-standard,Bruichladdich,Octomore 14.1,https://bcazowundzyzesxxddnr.supabase.co/storage/v1/object/public/bottles/expressions/octomore-14-1-standard.jpg,
port-charlotte-10-standard,Bruichladdich,Port Charlotte 10 Heavily Peated,https://bcazowundzyzesxxddnr.supabase.co/storage/v1/object/public/bottles/expressions/port-charlotte-10-standard.jpg,
bruichladdich-port-charlotte-10-year-old,Bruichladdich,Port Charlotte 10 Year Old,https://bcazowundzyzesxxddnr.supabase.co/storage/v1/object/public/bottles/expressions/port-charlotte-10-standard.jpg,
blantons-original,Buffalo Trace,Blanton's Original Single Barrel,https://bcazowundzyzesxxddnr.supabase.co/storage/v1/object/public/bottles/expressions/blantons-original.jpg,
buffalo-trace-blantons-single-barrel,Buffalo Trace,Blanton's Single Barrel,https://bcazowundzyzesxxddnr.supabase.co/storage/v1/object/public/bottles/expressions/eagle-rare-10-standard.jpg,
buffalo-trace-buffalo-trace-kentucky-straight-bourbon,Buffalo Trace,Buffalo Trace Kentucky Straight Bourbon,https://bcazowundzyzesxxddnr.supabase.co/storage/v1/object/public/bottles/expressions/eagle-rare-10-standard.jpg,
buffalo-trace-e-h-taylor-small-batch,Buffalo Trace,E.H. Taylor Small Batch,https://bcazowundzyzesxxddnr.supabase.co/storage/v1/object/public/bottles/expressions/eagle-rare-10-standard.jpg,
eagle-rare-10-standard,Buffalo Trace,Eagle Rare 10 Year,https://bcazowundzyzesxxddnr.supabase.co/storage/v1/object/public/bottles/expressions/eagle-rare-10-standard.jpg,
buffalo-trace-eagle-rare-10-year-old,Buffalo Trace,Eagle Rare 10 Year Old,https://bcazowundzyzesxxddnr.supabase.co/storage/v1/object/public/bottles/expressions/eagle-rare-10-standard.jpg,
buffalo-trace-bourbon-standard,Buffalo Trace,Kentucky Straight Bourbon,https://bcazowundzyzesxxddnr.supabase.co/storage/v1/object/public/bottles/expressions/eagle-rare-10-standard.jpg,
bulleit-bourbon-0087000004047,Bulleit,Bourbon,,
bunnahabhain-12-standard,Bunnahabhain,Bunnahabhain 12 Year Old,https://bcazowundzyzesxxddnr.supabase.co/storage/v1/object/public/bottles/expressions/bunnahabhain-18-standard.jpg,
bunnahabhain-bunnahabhain-12-year-old-5029704217366,Bunnahabhain,Bunnahabhain 12 Year Old,https://bcazowundzyzesxxddnr.supabase.co/storage/v1/object/public/bottles/expressions/bunnahabhain-18-standard.jpg,
bunnahabhain-18-standard,Bunnahabhain,Bunnahabhain 18 Year Old,https://bcazowundzyzesxxddnr.supabase.co/storage/v1/object/public/bottles/expressions/bunnahabhain-18-standard.jpg,
bunnahabhain-stiuireadair-standard,Bunnahabhain,Bunnahabhain Sti├╣ireadair,https://bcazowundzyzesxxddnr.supabase.co/storage/v1/object/public/bottles/expressions/bunnahabhain-18-standard.jpg,
bushmills-10-year-old-irish-malt-whiskey-5055966820037,Bushmills,Bushmills 10 Year Old Irish Malt Whiskey,,
bushmills-irish-whiskey-5010103917087,Bushmills,Bushmills Irish Whiskey,,
bushmills-bushmills-irish-whiskey-5010103917087,Bushmills,Bushmills Irish Whiskey,,
bushmills-bushmills-malt-aged-10-years-5010103917797,Bushmills,Bushmills Malt Aged 10 Years,,
irish-whiskey-5055966801128,Bushmills,Irish Whiskey,,
irish-whiskey-5011007021160,Bushmills,Irish Whiskey ,,
irish-whiskey-0811538016162,Bushmills,Irish whiskey,,
the-original-irish-whiskey-40-5055966801081,Bushmills,The original Irish whiskey (40%),,
callander-blended-scotch-whisky-8480000137425,Callander,Blended Scotch Whisky,,
canadian-special-old-canadian-whiskey-0089540417585,Canadian Special Old,Canadian Whiskey,https://bcazowundzyzesxxddnr.supabase.co/storage/v1/object/public/bottles/expressions/canadian-special-old-canadian-whiskey-0089540417585.jpg,
caol-ila-12-standard,Caol Ila,Caol Ila 12 Year Old,,
caol-ila-caol-ila-moch-5000281028026,Caol Ila,Caol Ila Moch,,
carrefour-blended-scotch-whisky-loch-castle-3560070222322,Carrefour,Blended scotch whisky Loch Castle,https://bcazowundzyzesxxddnr.supabase.co/storage/v1/object/public/bottles/expressions/carrefour-westerly-3560071086855.jpg,
carrefour-loch-castle-blended-scotch-whisky-3560070258512,Carrefour,Loch Castle Blended Scotch Whisky,https://bcazowundzyzesxxddnr.supabase.co/storage/v1/object/public/bottles/expressions/carrefour-westerly-3560071086855.jpg,
carrefour-westerly-3560071086855,Carrefour,Westerly,https://bcazowundzyzesxxddnr.supabase.co/storage/v1/object/public/bottles/expressions/carrefour-westerly-3560071086855.jpg,
casino-james-dowell-blended-scotch-whisky-3222471623824,Casino,JAMES DOWELL Blended scotch Whisky,,
chichibu-floor-malted-2012,Chichibu,Chichibu The Floor Malted 2012,https://bcazowundzyzesxxddnr.supabase.co/storage/v1/object/public/bottles/expressions/chichibu-floor-malted-2012.jpg,
whisky-blend-chivas-regal-12-ans-0080432402931,Chivas,Whisky Blend Chivas Regal 12 ans,,
chivas-regal-chivas-regal-12-jahre-5000299212837,Chivas Regal,Chivas Regal 12 Jahre,https://bcazowundzyzesxxddnr.supabase.co/storage/v1/object/public/bottles/expressions/chivas-regal-chivas-regal-12-jahre-5000299212837.jpg,
chivas-regal-12-jahre-5000299212837,Chivas Regal,Chivas Regal 12 Jahre,https://bcazowundzyzesxxddnr.supabase.co/storage/v1/object/public/bottles/expressions/chivas-regal-chivas-regal-12-jahre-5000299212837.jpg,
chivas-regal-chivas-regal-12-year-old,Chivas Regal,Chivas Regal 12 Year Old,https://bcazowundzyzesxxddnr.supabase.co/storage/v1/object/public/bottles/expressions/chivas-regal-chivas-regal-12-jahre-5000299212837.jpg,
chivas-regal-12-years-old-5000299601143,Chivas Regal,Chivas Regal 12 years old,https://bcazowundzyzesxxddnr.supabase.co/storage/v1/object/public/bottles/expressions/chivas-regal-chivas-regal-12-jahre-5000299212837.jpg,
chivas-regal-chivas-regal-12-years-old-5000299601143,Chivas Regal,Chivas Regal 12 years old,https://bcazowundzyzesxxddnr.supabase.co/storage/v1/object/public/bottles/expressions/chivas-regal-chivas-regal-12-jahre-5000299212837.jpg,
chivas-regal-chivas-regal-18-year-old,Chivas Regal,Chivas Regal 18 Year Old,https://bcazowundzyzesxxddnr.supabase.co/storage/v1/object/public/bottles/expressions/chivas-regal-chivas-regal-12-jahre-5000299212837.jpg,
chivas-regal-chivas-regal-25-year-old,Chivas Regal,Chivas Regal 25 Year Old,https://bcazowundzyzesxxddnr.supabase.co/storage/v1/object/public/bottles/expressions/chivas-regal-chivas-regal-12-jahre-5000299212837.jpg,
chivas-regal-chivas-regal-extra-aged-13-years-5000299611104,Chivas Regal,Chivas Regal Extra Aged 13 years,https://bcazowundzyzesxxddnr.supabase.co/storage/v1/object/public/bottles/expressions/chivas-regal-chivas-regal-12-jahre-5000299212837.jpg,
chivas-regal-0080432400340,Chivas Regal,chivas regal,https://bcazowundzyzesxxddnr.supabase.co/storage/v1/object/public/bottles/expressions/chivas-regal-chivas-regal-12-jahre-5000299212837.jpg,
clan-campbell-the-noble-blended-scotch-whisky-limited-edition-3163937163075,Clan Campbell,The Noble blended scotch whisky - Limited edition,,
clan-campbell-whisky-ecosse-blended-150-cl-clan-campbell-3163937630102,Clan Campbell,Whisky Ecosse blended 150 cl Clan Campbell,,
clan-campbell-whisky-ecosse-blended-sans-ge-35-cl-clan-campbell-3163937635008,Clan Campbell,Whisky Ecosse blended sans ├óge 35 cl Clan Campbell,,
clynelish-14-standard,Clynelish,Clynelish 14 Year Old,,
jack-daniels-coca-cola-5000112674309,Coca-Cola,Jack Daniel's Coca-Cola,,
coca-cola-jack-daniels-coca-cola-5000112674309,Coca-Cola,Jack Daniel's Coca-Cola,,
connemara-5099357002305,Connemara,Connemara,,
cragganmore-single-highland-malt-5000281003597,Cragganmore,Single highland malt,,
crown-royal-blended-canadian-whiskey-0087000007253,Crown Royal,Blended Canadian Whiskey,https://bcazowundzyzesxxddnr.supabase.co/storage/v1/object/public/bottles/expressions/crown-royal-northern-harvest-rye-blended-canadian-whiskey-0082000775874.jpg,
crown-royal-deluxe-standard,Crown Royal,Crown Royal Deluxe,https://bcazowundzyzesxxddnr.supabase.co/storage/v1/object/public/bottles/expressions/crown-royal-northern-harvest-rye-blended-canadian-whiskey-0082000775874.jpg,
crown-royal-harvest-rye-standard,Crown Royal,Crown Royal Northern Harvest Rye,https://bcazowundzyzesxxddnr.supabase.co/storage/v1/object/public/bottles/expressions/crown-royal-northern-harvest-rye-blended-canadian-whiskey-0082000775874.jpg,
crown-royal-northern-harvest-rye-blended-canadian-whiskey-0082000775874,Crown Royal,Northern Harvest Rye Blended Canadian Whiskey,https://bcazowundzyzesxxddnr.supabase.co/storage/v1/object/public/bottles/expressions/crown-royal-northern-harvest-rye-blended-canadian-whiskey-0082000775874.jpg,
cutty-sark-blended-scotch-whisky-5010493000765,Cutty Sark,Blended Scotch whisky,,
cutty-sark-cutty-sark-whisky-40-5010504100057,Cutty Sark,Cutty Sark Whisky 40%,,
dalmore-dalmore-12-year-old,Dalmore,Dalmore 12 Year Old,https://bcazowundzyzesxxddnr.supabase.co/storage/v1/object/public/bottles/expressions/dalmore-15-standard.jpg,
dalmore-12-standard,Dalmore,Dalmore 12 Year Old,https://bcazowundzyzesxxddnr.supabase.co/storage/v1/object/public/bottles/expressions/dalmore-15-standard.jpg,
dalmore-dalmore-15-year-old,Dalmore,Dalmore 15 Year Old,https://bcazowundzyzesxxddnr.supabase.co/storage/v1/object/public/bottles/expressions/dalmore-15-standard.jpg,
dalmore-15-standard,Dalmore,Dalmore 15 Year Old,https://bcazowundzyzesxxddnr.supabase.co/storage/v1/object/public/bottles/expressions/dalmore-15-standard.jpg,
dalmore-dalmore-18-year-old,Dalmore,Dalmore 18 Year Old,https://bcazowundzyzesxxddnr.supabase.co/storage/v1/object/public/bottles/expressions/dalmore-15-standard.jpg,
dimple-blended-scotch-whisky-15-years-5000281003337,Dimple,Dimple Blended Scotch Whisky 15 years,,
drambuie-drambuie-5010391100703,Drambuie,Drambuie,https://bcazowundzyzesxxddnr.supabase.co/storage/v1/object/public/bottles/expressions/drambuie-drambuie-5010391100703.jpg,
dubliner-the-dubliner-5390424120428,Dubliner,The Dubliner,https://bcazowundzyzesxxddnr.supabase.co/storage/v1/object/public/bottles/expressions/dubliner-the-dubliner-5390424120428.jpg,
dun-mhor-the-original-3471940000547,Dun Mhor,Dun Mhor The Original,https://bcazowundzyzesxxddnr.supabase.co/storage/v1/object/public/bottles/expressions/dun-mhor-the-original-3471940000547.jpg,
dun-mhor-dun-mhor-the-original-3471940000547,Dun Mhor,Dun Mhor The Original,https://bcazowundzyzesxxddnr.supabase.co/storage/v1/object/public/bottles/expressions/dun-mhor-the-original-3471940000547.jpg,
east-1810-red-wine-cask-finish-5013967016507,East 1810,Red wine cask finish,,
four-roses-single-barrel,Four Roses,Four Roses Single Barrel,https://bcazowundzyzesxxddnr.supabase.co/storage/v1/object/public/bottles/expressions/four-roses-single-barrel.jpg,
four-roses-small-batch,Four Roses,Four Roses Small Batch,https://bcazowundzyzesxxddnr.supabase.co/storage/v1/object/public/bottles/expressions/four-roses-small-batch.jpg,
freimeister-kollektiv-whiskey-094-4260509620345,Freimeister kollektiv,Whiskey 094,,
galleg-whisky-de-bretagne-3233990004513,Galleg,Whisky de Bretagne,,
glen-grant-12-standard,Glen Grant,Glen Grant 12 Year Old,https://bcazowundzyzesxxddnr.supabase.co/storage/v1/object/public/bottles/expressions/glen-grant-18-standard.jpg,
glen-grant-18-standard,Glen Grant,Glen Grant 18 Year Old,https://bcazowundzyzesxxddnr.supabase.co/storage/v1/object/public/bottles/expressions/glen-grant-18-standard.jpg,
glen-grant-glen-grant-ob-10yo-40-alc-0080432402979,Glen Grant,Glen Grant Ob 10yo 40%alc.,https://bcazowundzyzesxxddnr.supabase.co/storage/v1/object/public/bottles/expressions/glen-grant-18-standard.jpg,
glen-moray-glen-moray-whisky-40-5010494508307,Glen Moray,Glen Moray Whisky 40%,,
glen-moray-speyside-single-malt-scotch-whisky-5060116322255,Glen Moray,Speyside single malt Scotch whisky,,
glen-scotia-15-standard,Glen Scotia,Glen Scotia 15 Year Old,https://bcazowundzyzesxxddnr.supabase.co/storage/v1/object/public/bottles/expressions/glen-scotia-victoriana-standard.jpg,
glen-scotia-victoriana-standard,Glen Scotia,Glen Scotia Victoriana,https://bcazowundzyzesxxddnr.supabase.co/storage/v1/object/public/bottles/expressions/glen-scotia-victoriana-standard.jpg,
glen-terence-scotch-whisky-pur-malt-3560032382460,Glen Terence,Scotch whisky pur malt,https://bcazowundzyzesxxddnr.supabase.co/storage/v1/object/public/bottles/expressions/glen-terence-scotch-whisky-pur-malt-3560032382460.jpg,
glen-crinan-glen-crinan-3250392272517,Glen crinan,Glen crinan,https://bcazowundzyzesxxddnr.supabase.co/storage/v1/object/public/bottles/expressions/wisky-3250392258634.jpg,
glen-crinan-glen-crinan-3250392272494,Glen crinan,Glen crinan,https://bcazowundzyzesxxddnr.supabase.co/storage/v1/object/public/bottles/expressions/wisky-3250392258634.jpg,
wisky-3250392258634,Glen crinan,Wisky,https://bcazowundzyzesxxddnr.supabase.co/storage/v1/object/public/bottles/expressions/wisky-3250392258634.jpg,
glendronach-12-original,Glendronach,GlenDronach 12 Original,https://bcazowundzyzesxxddnr.supabase.co/storage/v1/object/public/bottles/expressions/glendronach-18-allardice.jpg,
glendronach-18-allardice,Glendronach,GlenDronach 18 Allardice,https://bcazowundzyzesxxddnr.supabase.co/storage/v1/object/public/bottles/expressions/glendronach-18-allardice.jpg,
glendronach-the-glendronach-original-12-year-old-5060088791646,Glendronach,The Glendronach Original 12 Year Old,https://bcazowundzyzesxxddnr.supabase.co/storage/v1/object/public/bottles/expressions/glendronach-18-allardice.jpg,
glenfiddich-15-years-old-distillery-edition-single-malt-scotch-whisky-5010327325224,Glenfiddich,15 Years Old Distillery Edition Single Malt Scotch Whisky,https://bcazowundzyzesxxddnr.supabase.co/storage/v1/object/public/bottles/expressions/glenfiddich-15-years-old-distillery-edition-single-malt-scotch-whisky-5010327325224.jpg,
glenfiddich-12-standard,Glenfiddich,Glenfiddich 12 Year Old,https://bcazowundzyzesxxddnr.supabase.co/storage/v1/object/public/bottles/expressions/glenfiddich-15-years-old-distillery-edition-single-malt-scotch-whisky-5010327325224.jpg,
glenfiddich-glenfiddich-12-year-old,Glenfiddich,Glenfiddich 12 Year Old,https://bcazowundzyzesxxddnr.supabase.co/storage/v1/object/public/bottles/expressions/glenfiddich-glenfiddich-12-year-old.jpg,
glenfiddich-15-solera,Glenfiddich,Glenfiddich 15 Year Old Solera,https://bcazowundzyzesxxddnr.supabase.co/storage/v1/object/public/bottles/expressions/glenfiddich-15-years-old-distillery-edition-single-malt-scotch-whisky-5010327325224.jpg,
glenfiddich-glenfiddich-15-year-old-solera,Glenfiddich,Glenfiddich 15 Year Old Solera,https://bcazowundzyzesxxddnr.supabase.co/storage/v1/object/public/bottles/expressions/glenfiddich-15-years-old-distillery-edition-single-malt-scotch-whisky-5010327325224.jpg,
glenfiddich-glenfiddich-18-year-old,Glenfiddich,Glenfiddich 18 Year Old,https://bcazowundzyzesxxddnr.supabase.co/storage/v1/object/public/bottles/expressions/glenfiddich-15-years-old-distillery-edition-single-malt-scotch-whisky-5010327325224.jpg,
glenfiddich-18-standard,Glenfiddich,Glenfiddich 18 Year Old,https://bcazowundzyzesxxddnr.supabase.co/storage/v1/object/public/bottles/expressions/glenfiddich-18-standard.jpg,
glenfiddich-glenfiddich-21-year-old-gran-reserva,Glenfiddich,Glenfiddich 21 Year Old Gran Reserva,https://bcazowundzyzesxxddnr.supabase.co/storage/v1/object/public/bottles/expressions/glenfiddich-15-years-old-distillery-edition-single-malt-scotch-whisky-5010327325224.jpg,
glenfiddich-21-gran-reserva,Glenfiddich,Glenfiddich 21 Year Old Gran Reserva,https://bcazowundzyzesxxddnr.supabase.co/storage/v1/object/public/bottles/expressions/glenfiddich-21-gran-reserva.jpg,
glenfiddich-glenfiddich-barrel-reserve-14-5010327324333,Glenfiddich,Glenfiddich Barrel Reserve 14,https://bcazowundzyzesxxddnr.supabase.co/storage/v1/object/public/bottles/expressions/glenfiddich-15-years-old-distillery-edition-single-malt-scotch-whisky-5010327325224.jpg,
glenfiddich-glenfiddich-whisky-12-years-4008958201773,Glenfiddich,Glenfiddich Whisky 12 Years,https://bcazowundzyzesxxddnr.supabase.co/storage/v1/object/public/bottles/expressions/glenfiddich-15-years-old-distillery-edition-single-malt-scotch-whisky-5010327325224.jpg,
single-malt-scotch-18-years-5010327325804,Glenfiddich,Single malt scotch 18 years,https://bcazowundzyzesxxddnr.supabase.co/storage/v1/object/public/bottles/expressions/glenfiddich-15-years-old-distillery-edition-single-malt-scotch-whisky-5010327325224.jpg,
glenfiddich-single-malt-scotch-18-years-5010327325804,Glenfiddich,Single malt scotch 18 years,https://bcazowundzyzesxxddnr.supabase.co/storage/v1/object/public/bottles/expressions/glenfiddich-15-years-old-distillery-edition-single-malt-scotch-whisky-5010327325224.jpg,
glenkinchie-glenkinchie-12-5000281021935,Glenkinchie,Glenkinchie 12,,
glenlivet-12-standard,Glenlivet,The Glenlivet 12 Year Old,https://bcazowundzyzesxxddnr.supabase.co/storage/v1/object/public/bottles/expressions/glenlivet-18-standard.jpg,
glenlivet-the-glenlivet-12-year-old,Glenlivet,The Glenlivet 12 Year Old,https://bcazowundzyzesxxddnr.supabase.co/storage/v1/object/public/bottles/expressions/glenlivet-18-standard.jpg,
glenlivet-the-glenlivet-15-year-old-french-oak-reserve,Glenlivet,The Glenlivet 15 Year Old French Oak Reserve,https://bcazowundzyzesxxddnr.supabase.co/storage/v1/object/public/bottles/expressions/glenlivet-18-standard.jpg,
glenlivet-the-glenlivet-18-year-old,Glenlivet,The Glenlivet 18 Year Old,https://bcazowundzyzesxxddnr.supabase.co/storage/v1/object/public/bottles/expressions/glenlivet-18-standard.jpg,
glenlivet-18-standard,Glenlivet,The Glenlivet 18 Year Old,https://bcazowundzyzesxxddnr.supabase.co/storage/v1/object/public/bottles/expressions/glenlivet-18-standard.jpg,
glenlivet-nadurra-ff-standard,Glenlivet,The Glenlivet Nadurra First Fill,https://bcazowundzyzesxxddnr.supabase.co/storage/v1/object/public/bottles/expressions/glenlivet-nadurra-ff-standard.jpg,
glenmorangie-lasanta-12,Glenmorangie,Glenmorangie Lasanta,https://bcazowundzyzesxxddnr.supabase.co/storage/v1/object/public/bottles/expressions/glenmorangie-the-lasanta-12-years-aged-in-bourbon-sherry-casks-5010494917840.jpg,
glenmorangie-glenmorangie-lasanta-12-year-old,Glenmorangie,Glenmorangie Lasanta 12 Year Old,https://bcazowundzyzesxxddnr.supabase.co/storage/v1/object/public/bottles/expressions/glenmorangie-the-lasanta-12-years-aged-in-bourbon-sherry-casks-5010494917840.jpg,
glenmorangie-glenmorangie-nectar-dor-12-year-old,Glenmorangie,Glenmorangie Nectar D'Or 12 Year Old,https://bcazowundzyzesxxddnr.supabase.co/storage/v1/object/public/bottles/expressions/glenmorangie-the-lasanta-12-years-aged-in-bourbon-sherry-casks-5010494917840.jpg,
glenmorangie-original-10,Glenmorangie,Glenmorangie Original 10,https://bcazowundzyzesxxddnr.supabase.co/storage/v1/object/public/bottles/expressions/glenmorangie-the-lasanta-12-years-aged-in-bourbon-sherry-casks-5010494917840.jpg,
glenmorangie-glenmorangie-original-10-year-old,Glenmorangie,Glenmorangie Original 10 Year Old,https://bcazowundzyzesxxddnr.supabase.co/storage/v1/object/public/bottles/expressions/glenmorangie-the-lasanta-12-years-aged-in-bourbon-sherry-casks-5010494917840.jpg,
glenmorangie-quinta-ruban-14,Glenmorangie,Glenmorangie Quinta Ruban 14,https://bcazowundzyzesxxddnr.supabase.co/storage/v1/object/public/bottles/expressions/glenmorangie-quinta-ruban-14.jpg,
glenmorangie-glenmorangie-quinta-ruban-14-year-old,Glenmorangie,Glenmorangie Quinta Ruban 14 Year Old,https://bcazowundzyzesxxddnr.supabase.co/storage/v1/object/public/bottles/expressions/glenmorangie-the-lasanta-12-years-aged-in-bourbon-sherry-casks-5010494917840.jpg,
glenmorangie-the-lasanta-12-years-aged-in-bourbon-sherry-casks-5010494917840,Glenmorangie,The Lasanta 12 Years Aged in Bourbon & Sherry Casks,https://bcazowundzyzesxxddnr.supabase.co/storage/v1/object/public/bottles/expressions/glenmorangie-the-lasanta-12-years-aged-in-bourbon-sherry-casks-5010494917840.jpg,
golan-golani-classic,Golan Heights Distillery,Golani Classic,https://bcazowundzyzesxxddnr.supabase.co/storage/v1/object/public/bottles/expressions/golan-ramat-hagolan-sc47.jpg,
golan-ramat-hagolan-sc47,Golan Heights Distillery,Ramat HaGolan Single Cask #47,https://bcazowundzyzesxxddnr.supabase.co/storage/v1/object/public/bottles/expressions/golan-ramat-hagolan-sc47.jpg,
grants-blended-scotch-whisky-5010327255026,Grant's,Blended Scotch Whisky,https://bcazowundzyzesxxddnr.supabase.co/storage/v1/object/public/bottles/expressions/grants-whisky-5010327208237.jpg,
grants-glenfiddich-single-malt-scotch-whisky-5010327307244,Grant's,Glenfiddich Single Malt Scotch Whisky,https://bcazowundzyzesxxddnr.supabase.co/storage/v1/object/public/bottles/expressions/grants-whisky-5010327208237.jpg,
grants-triple-wood-blended-scotch-whisky-5010327250007,Grant's,Grant's Triple Wood Blended Scotch Whisky,https://bcazowundzyzesxxddnr.supabase.co/storage/v1/object/public/bottles/expressions/grants-whisky-5010327208237.jpg,
grants-summer-orange-5010327253848,Grant's,Summer orange,https://bcazowundzyzesxxddnr.supabase.co/storage/v1/object/public/bottles/expressions/grants-whisky-5010327208237.jpg,
grants-whisky-5010327208237,Grant's,Whisky,https://bcazowundzyzesxxddnr.supabase.co/storage/v1/object/public/bottles/expressions/grants-whisky-5010327208237.jpg,
grants-whisky-ecosse-blended-sans-ge-150-cl-grants-5010327202105,Grant's,Whisky Ecosse blended sans ├óge 150 cl Grant's,https://bcazowundzyzesxxddnr.supabase.co/storage/v1/object/public/bottles/expressions/grants-whisky-5010327208237.jpg,
hakushu-12-standard,Hakushu,Hakushu 12 Year Old,https://bcazowundzyzesxxddnr.supabase.co/storage/v1/object/public/bottles/expressions/hakushu-12-standard.jpg,
hakushu-hakushu-12-year-old,Hakushu,Hakushu 12 Year Old,https://bcazowundzyzesxxddnr.supabase.co/storage/v1/object/public/bottles/expressions/hakushu-12-standard.jpg,
hakushu-hakushu-18-year-old,Hakushu,Hakushu 18 Year Old,https://bcazowundzyzesxxddnr.supabase.co/storage/v1/object/public/bottles/expressions/hakushu-12-standard.jpg,
hakushu-distillers-reserve-std,Hakushu,Hakushu Distiller's Reserve,https://bcazowundzyzesxxddnr.supabase.co/storage/v1/object/public/bottles/expressions/hakushu-12-standard.jpg,
the-hakushu-4901777254695,Hakushu,The Hakushu,https://bcazowundzyzesxxddnr.supabase.co/storage/v1/object/public/bottles/expressions/hakushu-12-standard.jpg,
halewood-international-triple-distilled-irish-whiskey-5391524712476,Halewood International,Triple Distilled Irish Whiskey,,
hibiki-21-standard,Hibiki,Hibiki 21 Year Old,https://bcazowundzyzesxxddnr.supabase.co/storage/v1/object/public/bottles/expressions/hibiki-21-standard.jpg,
hibiki-harmony-standard,Hibiki,Hibiki Japanese Harmony,https://bcazowundzyzesxxddnr.supabase.co/storage/v1/object/public/bottles/expressions/hibiki-21-standard.jpg,
highland-park-dragon-legend-5010314305277,Highland park,Dragon Legend,https://bcazowundzyzesxxddnr.supabase.co/storage/v1/object/public/bottles/expressions/highland-park-highland-park-12-year-old-viking-honour.jpg,
highland-park-12-standard,Highland park,Highland Park 12 Viking Honour,https://bcazowundzyzesxxddnr.supabase.co/storage/v1/object/public/bottles/expressions/highland-park-highland-park-12-year-old-viking-honour.jpg,
highland-park-highland-park-12-year-old-viking-honour,Highland park,Highland Park 12 Year Old Viking Honour,https://bcazowundzyzesxxddnr.supabase.co/storage/v1/object/public/bottles/expressions/highland-park-highland-park-12-year-old-viking-honour.jpg,
highland-park-18-standard,Highland park,Highland Park 18 Viking Pride,https://bcazowundzyzesxxddnr.supabase.co/storage/v1/object/public/bottles/expressions/highland-park-18-standard.jpg,
highland-park-highland-park-18-year-old-viking-pride,Highland park,Highland Park 18 Year Old Viking Pride,https://bcazowundzyzesxxddnr.supabase.co/storage/v1/object/public/bottles/expressions/highland-park-highland-park-12-year-old-viking-honour.jpg,
ian-macleod-single-malt-whisky-5010852010701,Ian Macleod,Single Malt Whisky,,
irish-whisky-0050037596038,Irish Whisky,Irish Whisky,,
j-b-quot-1-5l-whisky-j-b-rare-40-quot-5010103804073,J&B,&quot;1.5L Whisky J &B Rare 40 ┬░&quot;,,
j-b-5010103800457,J&B,J&B,,
rare-blended-scotch-whisky-5010103800259,JB,Rare blended scotch whisky,,
jack-daniels-bourbon-whiskey-5099873089712,Jack Daniel's,Bourbon Whiskey,https://bcazowundzyzesxxddnr.supabase.co/storage/v1/object/public/bottles/expressions/jack-daniels-jack-daniels-5099873019573.jpg,
jack-daniel-green-86-0082184090060,Jack Daniel's,Jack Daniel Green 86,https://bcazowundzyzesxxddnr.supabase.co/storage/v1/object/public/bottles/expressions/jack-daniels-jack-daniels-5099873019573.jpg,
jack-daniels-jack-daniels-gentleman-jack,Jack Daniel's,Jack Daniel's Gentleman Jack,https://bcazowundzyzesxxddnr.supabase.co/storage/v1/object/public/bottles/expressions/jack-daniels-jack-daniels-5099873019573.jpg,
jack-daniels-lynchburg-lemonade-5099873010280,Jack Daniel's,Jack Daniel's Lynchburg Lemonade,https://bcazowundzyzesxxddnr.supabase.co/storage/v1/object/public/bottles/expressions/jack-daniels-jack-daniels-5099873019573.jpg,
jack-daniels-jack-daniels-lynchburg-lemonade-5099873010280,Jack Daniel's,Jack Daniel's Lynchburg Lemonade,https://bcazowundzyzesxxddnr.supabase.co/storage/v1/object/public/bottles/expressions/jack-daniels-jack-daniels-5099873019573.jpg,
jack-daniels-no-7-brand-tennessee-whiskey-sour-mash-0082184090398,Jack Daniel's,Jack Daniel's No. 7 Brand Tennessee Whiskey Sour Mash,https://bcazowundzyzesxxddnr.supabase.co/storage/v1/object/public/bottles/expressions/jack-daniels-jack-daniels-5099873019573.jpg,
jack-daniels-jack-daniels-old-no-7,Jack Daniel's,Jack Daniel's Old No. 7,https://bcazowundzyzesxxddnr.supabase.co/storage/v1/object/public/bottles/expressions/jack-daniels-jack-daniels-5099873019573.jpg,
jack-daniels-jack-daniels-single-barrel,Jack Daniel's,Jack Daniel's Single Barrel,https://bcazowundzyzesxxddnr.supabase.co/storage/v1/object/public/bottles/expressions/jack-daniels-jack-daniels-single-barrel.jpg,
jack-daniels-tennessee-apple-0082184004395,Jack Daniel's,Jack Daniel's Tennessee Apple,https://bcazowundzyzesxxddnr.supabase.co/storage/v1/object/public/bottles/expressions/jack-daniels-jack-daniels-5099873019573.jpg,
jack-daniels-tennessee-apple-4092257017623,Jack Daniel's,Jack Daniel's Tennessee Apple,https://bcazowundzyzesxxddnr.supabase.co/storage/v1/object/public/bottles/expressions/jack-daniels-jack-daniels-5099873019573.jpg,
jack-daniels-tennessee-honey-09987322,Jack Daniel's,Jack Daniel's Tennessee Honey,https://bcazowundzyzesxxddnr.supabase.co/storage/v1/object/public/bottles/expressions/jack-daniels-tennessee-honey-09987322.jpg,
jack-daniels-jack-daniels-tennessee-honey,Jack Daniel's,Jack Daniel's Tennessee Honey,https://bcazowundzyzesxxddnr.supabase.co/storage/v1/object/public/bottles/expressions/jack-daniels-jack-daniels-5099873019573.jpg,
jack-daniels-tennessee-whiskey-5099873086261,Jack Daniel's,Jack Daniel's Tennessee Whiskey,https://bcazowundzyzesxxddnr.supabase.co/storage/v1/object/public/bottles/expressions/jack-daniels-jack-daniels-5099873019573.jpg,
jack-daniels-whiskey-5099873089798,Jack Daniel's,Jack Daniel's Whiskey,https://bcazowundzyzesxxddnr.supabase.co/storage/v1/object/public/bottles/expressions/jack-daniels-jack-daniels-5099873019573.jpg,
jack-daniels-jack-daniels-5099873019573,Jack Daniel's,Jack Daniels,https://bcazowundzyzesxxddnr.supabase.co/storage/v1/object/public/bottles/expressions/jack-daniels-jack-daniels-5099873019573.jpg,
jack-daniels-jack-daniels-berry-5099873015148,Jack Daniel's,Jack Daniels Berry,https://bcazowundzyzesxxddnr.supabase.co/storage/v1/object/public/bottles/expressions/jack-daniels-jack-daniels-5099873019573.jpg,
jack-daniels-honey-whisky-5099873113363,Jack Daniel's,Jack Daniels Honey Whisky,https://bcazowundzyzesxxddnr.supabase.co/storage/v1/object/public/bottles/expressions/jack-daniels-honey-whisky-5099873113363.jpg,
jack-daniels-jack-daniels-1l-5099873090183,Jack Daniel's,Jack daniel's 1L,https://bcazowundzyzesxxddnr.supabase.co/storage/v1/object/public/bottles/expressions/jack-daniels-jack-daniels-5099873019573.jpg,
jack-daniels-0082184090510,Jack Daniel's,Jack daniels,https://bcazowundzyzesxxddnr.supabase.co/storage/v1/object/public/bottles/expressions/jack-daniels-jack-daniels-5099873019573.jpg,
old-no-7-0082184090442,Jack Daniel's,Old No. 7,https://bcazowundzyzesxxddnr.supabase.co/storage/v1/object/public/bottles/expressions/jack-daniels-jack-daniels-5099873019573.jpg,
tennessee-whiskey-7610403051009,Jack Daniel's,Tennessee Whiskey,https://bcazowundzyzesxxddnr.supabase.co/storage/v1/object/public/bottles/expressions/jack-daniels-jack-daniels-5099873019573.jpg,
tennessee-whiskey-0082184045954,Jack Daniel's,Tennessee Whiskey,https://bcazowundzyzesxxddnr.supabase.co/storage/v1/object/public/bottles/expressions/jack-daniels-jack-daniels-5099873019573.jpg,
tennessee-whiskey-5099873089057,Jack Daniel's,Tennessee whiskey,https://bcazowundzyzesxxddnr.supabase.co/storage/v1/object/public/bottles/expressions/jack-daniels-jack-daniels-5099873019573.jpg,
jack-daniels-tennessee-whiskey-5099873089057,Jack Daniel's,Tennessee whiskey,https://bcazowundzyzesxxddnr.supabase.co/storage/v1/object/public/bottles/expressions/jack-daniels-jack-daniels-5099873019573.jpg,
whiskey-0082184090008,Jack Daniel's,Whiskey,https://bcazowundzyzesxxddnr.supabase.co/storage/v1/object/public/bottles/expressions/jack-daniels-jack-daniels-5099873019573.jpg,
jack-daniels-whisky-cola-5099873003220,Jack Daniel's,Whisky & Cola,https://bcazowundzyzesxxddnr.supabase.co/storage/v1/object/public/bottles/expressions/jack-daniels-jack-daniels-5099873019573.jpg,
jack-daniels-whisky-5099873215623,Jack Daniel's,whisky,https://bcazowundzyzesxxddnr.supabase.co/storage/v1/object/public/bottles/expressions/jack-daniels-jack-daniels-5099873019573.jpg,
james-buchanan-co-black-white-50196111,James Buchanan &Co,Black & White,https://bcazowundzyzesxxddnr.supabase.co/storage/v1/object/public/bottles/expressions/james-buchanan-co-black-white-50196111.jpg,
irish-whiskey-jameson-40-5011007015534,Jameson,Irish Whiskey Jameson (40%),https://bcazowundzyzesxxddnr.supabase.co/storage/v1/object/public/bottles/expressions/jameson-jameson-irish-whiskey-5011007003814.jpg,
irish-whiskey-jameson-crested-40-5011007003548,Jameson,Irish Whiskey Jameson Crested (40%),https://bcazowundzyzesxxddnr.supabase.co/storage/v1/object/public/bottles/expressions/jameson-jameson-irish-whiskey-5011007003814.jpg,
irish-whiskey-jameson-single-pot-still-46-5011007017965,Jameson,Irish Whiskey Jameson Single Pot Still (46%),https://bcazowundzyzesxxddnr.supabase.co/storage/v1/object/public/bottles/expressions/jameson-jameson-irish-whiskey-5011007003814.jpg,
jameson-jameson-18-year-old,Jameson,Jameson 18 Year Old,https://bcazowundzyzesxxddnr.supabase.co/storage/v1/object/public/bottles/expressions/jameson-jameson-irish-whiskey-5011007003814.jpg,
jameson-jameson-black-barrel,Jameson,Jameson Black Barrel,https://bcazowundzyzesxxddnr.supabase.co/storage/v1/object/public/bottles/expressions/jameson-jameson-irish-whiskey-5011007003814.jpg,
jameson-jameson-caskmates-5011007025960,Jameson,Jameson Caskmates,https://bcazowundzyzesxxddnr.supabase.co/storage/v1/object/public/bottles/expressions/jameson-jameson-irish-whiskey-5011007003814.jpg,
jameson-jameson-caskmates-stout-edition,Jameson,Jameson Caskmates Stout Edition,https://bcazowundzyzesxxddnr.supabase.co/storage/v1/object/public/bottles/expressions/jameson-jameson-irish-whiskey-5011007003814.jpg,
jameson-jameson-irish-whiskey,Jameson,Jameson Irish Whiskey,https://bcazowundzyzesxxddnr.supabase.co/storage/v1/object/public/bottles/expressions/jameson-jameson-irish-whiskey-5011007003814.jpg,
jameson-jameson-irish-whiskey-5011007003814,Jameson,Jameson Irish Whiskey,https://bcazowundzyzesxxddnr.supabase.co/storage/v1/object/public/bottles/expressions/jameson-jameson-irish-whiskey-5011007003814.jpg,
jameson-irish-whiskey-5011007003814,Jameson,Jameson Irish Whiskey,https://bcazowundzyzesxxddnr.supabase.co/storage/v1/object/public/bottles/expressions/jameson-jameson-irish-whiskey-5011007003814.jpg,
jameson-whiskey-5011007003227,Jameson,Jameson Whiskey,https://bcazowundzyzesxxddnr.supabase.co/storage/v1/object/public/bottles/expressions/jameson-jameson-irish-whiskey-5011007003814.jpg,
jameson-whiskey-5011007021849,Jameson,Jameson Whiskey,https://bcazowundzyzesxxddnr.supabase.co/storage/v1/object/public/bottles/expressions/jameson-jameson-irish-whiskey-5011007003814.jpg,
triple-distilled-irish-whiskey-0080432500101,Jameson,Triple Distilled Irish Whiskey,https://bcazowundzyzesxxddnr.supabase.co/storage/v1/object/public/bottles/expressions/triple-distilled-irish-whiskey-0080432500101.jpg,
jameson-whisky-0080432500170,Jameson,Whisky,https://bcazowundzyzesxxddnr.supabase.co/storage/v1/object/public/bottles/expressions/jameson-jameson-irish-whiskey-5011007003814.jpg,
5.01101E+12,Jameson,ąÆąĖčüą║ąĖ ąĖčĆą╗ą░ąĮą┤čüą║ąĖą╣ ą║čāą┐ą░ąČąĖčĆąŠą▓ą░ąĮąĮčŗą╣ ąöąČąĄą╝ąĄčüąŠąĮ,https://bcazowundzyzesxxddnr.supabase.co/storage/v1/object/public/bottles/expressions/jameson-jameson-irish-whiskey-5011007003814.jpg,
irish-whisky-stout-edition-5011007025649,Jamesons,Irish Whisky Stout Edition,,
jhonnie-walker-jhonnie-walker-red-label-375ml-5000267014609,Jhonnie walker,Jhonnie walker red label 375ml,,
jim-beam-black-kentucky-straight-bourbon-whiskey-5010196091534,Jim Beam,Black Kentucky straight bourbon whiskey,https://bcazowundzyzesxxddnr.supabase.co/storage/v1/object/public/bottles/expressions/jim-beam-black-kentucky-straight-bourbon-whiskey-5010196091534.jpg,
jim-beam-jim-beam-apple-5060045585271,Jim Beam,Jim Beam Apple,https://bcazowundzyzesxxddnr.supabase.co/storage/v1/object/public/bottles/expressions/jim-beam-zero-sugar-cola-9316417002348.jpg,
jim-beam-jim-beam-double-oak-5060045585912,Jim Beam,Jim Beam Double Oak,https://bcazowundzyzesxxddnr.supabase.co/storage/v1/object/public/bottles/expressions/jim-beam-zero-sugar-cola-9316417002348.jpg,
jim-beam-jim-beam-honey-0080686006077,Jim Beam,Jim Beam Honey,https://bcazowundzyzesxxddnr.supabase.co/storage/v1/object/public/bottles/expressions/jim-beam-zero-sugar-cola-9316417002348.jpg,
jim-beam-kentucky-straight-bourbon-whiskey-5010196092142,Jim Beam,Kentucky Straight Bourbon Whiskey,https://bcazowundzyzesxxddnr.supabase.co/storage/v1/object/public/bottles/expressions/jim-beam-kentucky-straight-bourbon-whiskey-5010196092142.jpg,
jim-beam-kentucky-straight-bourbon-whiskey-5060045589118,Jim Beam,Kentucky Straight Bourbon Whiskey,https://bcazowundzyzesxxddnr.supabase.co/storage/v1/object/public/bottles/expressions/jim-beam-zero-sugar-cola-9316417002348.jpg,
jim-beam-zero-sugar-cola-9316417002348,Jim Beam,Zero Sugar Cola,https://bcazowundzyzesxxddnr.supabase.co/storage/v1/object/public/bottles/expressions/jim-beam-zero-sugar-cola-9316417002348.jpg,
john-dewar-sons-dewars-white-label-5000277000906,John Dewar & Sons,Dewar's White Label,,
johnnie-walker-black-label-12-years-5000267023625,Johnnie Walker,Black Label 12 Years,,
black-label-5000267024202,Johnnie Walker,Black label,,
black-label-5000267125046,Johnnie Walker,Black label,,
johnnie-walker-double-black-5000267116419,Johnnie Walker,Double Black,,
johnnie-walker-gold-label-reserve-5000267135687,Johnnie Walker,Gold Label Reserve,,
johnnie-walker-johnnie-walker-black-label-12-year-old,Johnnie Walker,Johnnie Walker Black Label 12 Year Old,,
johnnie-walker-johnnie-walker-blue-label,Johnnie Walker,Johnnie Walker Blue Label,,
johnnie-walker-johnnie-walker-gold-label-reserve,Johnnie Walker,Johnnie Walker Gold Label Reserve,,
johnnie-walker-johnnie-walker-green-label-15-year-old,Johnnie Walker,Johnnie Walker Green Label 15 Year Old,,
johnnie-walker-johnnie-walker-red-label,Johnnie Walker,Johnnie Walker Red Label,,
johnnie-walker-johnnie-walker-red-label-blended-scotch-whisky-5000267014807,Johnnie Walker,Johnnie Walker Red Label Blended Scotch Whisky,,
johnnie-walker-gold-label-reserve-5000267117584,Johnnie Walker,Johnnie walker gold label reserve,,
johnnie-walker-mini-johnnie-walker-black-label-5000267096261,Johnnie Walker,Mini Johnnie Walker Black Label,,
red-label-5000267014005,Johnnie Walker,Red Label,,
johnnie-walker-red-label-5000267014401,Johnnie Walker,Red label.,,
johnnie-walker-whisky-johnnie-walker-200th-black-label-edici-n-limitada-5000267179797,Johnnie Walker,Whisky Johnnie Walker 200th Black Label Edici├│n Limitada,,
johnnie-walker-scotch-red-label-red-label-5000267186078,Johnnie Walker Scotch Red Label,Red Label,,
jura-10-standard,Jura,Jura 10 Year Old,,
jura-scotch-whisky-single-malt-journey-5013967012462,Jura,Scotch Whisky - single malt - Journey,,
kavalan-classic-standard,Kavalan,Kavalan Classic Single Malt,https://bcazowundzyzesxxddnr.supabase.co/storage/v1/object/public/bottles/expressions/kavalan-solist-vinho-standard.jpg,
kavalan-solist-vinho-standard,Kavalan,Kavalan Solist Vinho Barrique,https://bcazowundzyzesxxddnr.supabase.co/storage/v1/object/public/bottles/expressions/kavalan-solist-vinho-standard.jpg,
japanese-whiskey-0851362006007,Kikori,Japanese Whiskey,,
kilbeggan-5099357003609,Kilbeggan,Kilbeggan,https://bcazowundzyzesxxddnr.supabase.co/storage/v1/object/public/bottles/expressions/traditional-irish-whiskey-5099357003623.jpg,
traditional-irish-whiskey-5099357003623,Kilbeggan,Traditional Irish Whiskey,https://bcazowundzyzesxxddnr.supabase.co/storage/v1/object/public/bottles/expressions/traditional-irish-whiskey-5099357003623.jpg,
kilchoman-kilchoman-machir-bay-5060210700522,Kilchoman,Kilchoman Machir Bay,https://bcazowundzyzesxxddnr.supabase.co/storage/v1/object/public/bottles/expressions/kilchoman-sanaig-standard.jpg,
kilchoman-machir-bay-standard,Kilchoman,Kilchoman Machir Bay,https://bcazowundzyzesxxddnr.supabase.co/storage/v1/object/public/bottles/expressions/kilchoman-sanaig-standard.jpg,
kilchoman-sanaig-standard,Kilchoman,Kilchoman Sanaig,https://bcazowundzyzesxxddnr.supabase.co/storage/v1/object/public/bottles/expressions/kilchoman-sanaig-standard.jpg,
king-robert-blendet-scotch-whisky-5010852000092,King Robert,Blendet scotch whisky,,
kirin-oak-master-4901411095738,Kirin,Oak Master,,
oak-master-4901411095738,Kirin,Oak Master,,
knockando-knockando-scotch-whisky-single-malt-18-ans-70-centilitres-5010103802550,Knockando,"Knockando, Scotch Whisky Single Malt, 18 Ans, 70 Centilitres",,
label-5-blended-scotch-whisky-3147699106020,Label 5,Blended Scotch Whisky,,
label-5-blended-scotch-wiskhy-3147690073505,Label 5,Blended Scotch Wiskhy,,
label-5-label-5-bourbon-barrel-3147699119044,Label 5,Label 5 Bourbon Barrel,,
label-5-label-5-classic-black-3147699121085,Label 5,Label 5 Classic Black,,
label-5-label-5-classic-black-3147699112847,Label 5,Label 5 Classic Black,,
lagavulin-16-standard,Lagavulin,16 Year Old,https://bcazowundzyzesxxddnr.supabase.co/storage/v1/object/public/bottles/expressions/lagavulin-16-standard.jpg,
lagavulin-8-standard,Lagavulin,8 Year Old,https://bcazowundzyzesxxddnr.supabase.co/storage/v1/object/public/bottles/expressions/lagavulin-8-standard.jpg,
lagavulin-de-2023,Lagavulin,Distillers Edition 2023,https://bcazowundzyzesxxddnr.supabase.co/storage/v1/object/public/bottles/expressions/lagavulin-de-2023.jpg,
lagavulin-lagavulin-12-year-old-cask-strength,Lagavulin,Lagavulin 12 Year Old Cask Strength,https://bcazowundzyzesxxddnr.supabase.co/storage/v1/object/public/bottles/expressions/lagavulin-16-standard.jpg,
lagavulin-lagavulin-16-year-old,Lagavulin,Lagavulin 16 Year Old,https://bcazowundzyzesxxddnr.supabase.co/storage/v1/object/public/bottles/expressions/lagavulin-lagavulin-16-year-old.jpg,
lagavulin-lagavulin-8-year-old,Lagavulin,Lagavulin 8 Year Old,https://bcazowundzyzesxxddnr.supabase.co/storage/v1/object/public/bottles/expressions/lagavulin-16-standard.jpg,
lagavulin-lagavulin-distillers-edition,Lagavulin,Lagavulin Distillers Edition,https://bcazowundzyzesxxddnr.supabase.co/storage/v1/object/public/bottles/expressions/lagavulin-16-standard.jpg,
laphroaig-laphroaig-10-year-old,Laphroaig,Laphroaig 10 Year Old,https://bcazowundzyzesxxddnr.supabase.co/storage/v1/object/public/bottles/expressions/laphroaig-laphroaig-four-oak-5010019638144.jpg,
laphroaig-10-standard,Laphroaig,Laphroaig 10 Year Old,https://bcazowundzyzesxxddnr.supabase.co/storage/v1/object/public/bottles/expressions/laphroaig-laphroaig-four-oak-5010019638144.jpg,
laphroaig-laphroaig-four-oak-5010019638144,Laphroaig,Laphroaig Four Oak,https://bcazowundzyzesxxddnr.supabase.co/storage/v1/object/public/bottles/expressions/laphroaig-laphroaig-four-oak-5010019638144.jpg,
laphroaig-laphroaig-lore,Laphroaig,Laphroaig Lore,https://bcazowundzyzesxxddnr.supabase.co/storage/v1/object/public/bottles/expressions/laphroaig-laphroaig-four-oak-5010019638144.jpg,
laphroaig-lore-standard,Laphroaig,Laphroaig Lore,https://bcazowundzyzesxxddnr.supabase.co/storage/v1/object/public/bottles/expressions/laphroaig-lore-standard.jpg,
laphroaig-laphroaig-quarter-cask,Laphroaig,Laphroaig Quarter Cask,https://bcazowundzyzesxxddnr.supabase.co/storage/v1/object/public/bottles/expressions/laphroaig-laphroaig-four-oak-5010019638144.jpg,
laphroaig-qc-standard,Laphroaig,Laphroaig Quarter Cask,https://bcazowundzyzesxxddnr.supabase.co/storage/v1/object/public/bottles/expressions/laphroaig-qc-standard.jpg,
laphroaig-laphroaig-triple-wood,Laphroaig,Laphroaig Triple Wood,https://bcazowundzyzesxxddnr.supabase.co/storage/v1/object/public/bottles/expressions/laphroaig-laphroaig-triple-wood.jpg,
scotch-whisky-3428660045440,Lidl,Scotch Whisky,,
scotch-whisky-20800925,Lidl,scotch whisky,,
long-john-whisky-ecosse-blended-sans-ge-200-cl-long-john-5010019601773,Long John,Whisky Ecosse blended sans ├óge 200 cl Long John,,
long-john-whisky-ecosse-blended-sans-ge-70-cl-long-john-5010019601742,Long John,Whisky Ecosse blended sans ├óge 70 cl Long John,,
lot-40-rye-standard,Lot No. 40,Lot No. 40 Canadian Rye Whisky,,
maqintosh-maqintosh-whiskey-8901193503922,MaQintosh,MaQintosh Whiskey,https://bcazowundzyzesxxddnr.supabase.co/storage/v1/object/public/bottles/expressions/maqintosh-maqintosh-whiskey-8901193503922.jpg,
mac-brides-mac-brides-3596710446209,Mac bride's,Mac bride's,,
blended-scotch-whisky-mac-gallagan-bouteille-de-70cl-3256221675986,Mac gallagan,Blended Scotch Whisky Mac Gallagan bouteille de 70cl,,
mac-gallagan-blended-scotch-whisky-mac-gallagan-bouteille-de-70cl-3256221675986,Mac gallagan,Blended Scotch Whisky Mac Gallagan bouteille de 70cl,,
blended-scotch-whisky-mac-gallagan-bouteille-de-70cl-325622167598600,Mac gallagan,Blended Scotch Whisky Mac Gallagan bouteille de 70cl,,
mackmyra-svensk-ek-standard,Mackmyra,Mackmyra Svensk Ek (Swedish Oak),,
blended-whisky-3047960010479,Main Fields,Blended Whisky,,
main-fields-blended-whisky-3047960010479,Main Fields,Blended Whisky,,
makers-mark-46-standard,Maker's Mark,46,https://bcazowundzyzesxxddnr.supabase.co/storage/v1/object/public/bottles/expressions/makers-mark-46-standard.jpg,
makers-mark-cask-strength-standard,Maker's Mark,Cask Strength,https://bcazowundzyzesxxddnr.supabase.co/storage/v1/object/public/bottles/expressions/makers-mark-46-standard.jpg,
makers-mark-makers-mark,Maker's Mark,Maker's Mark,https://bcazowundzyzesxxddnr.supabase.co/storage/v1/object/public/bottles/expressions/makers-mark-46-standard.jpg,
makers-mark-makers-mark-46,Maker's Mark,Maker's Mark 46,https://bcazowundzyzesxxddnr.supabase.co/storage/v1/object/public/bottles/expressions/makers-mark-46-standard.jpg,
makers-mark-makers-mark-cask-strength,Maker's Mark,Maker's Mark Cask Strength,https://bcazowundzyzesxxddnr.supabase.co/storage/v1/object/public/bottles/expressions/makers-mark-46-standard.jpg,
makers-mark-original-standard,Maker's Mark,Original,https://bcazowundzyzesxxddnr.supabase.co/storage/v1/object/public/bottles/expressions/makers-mark-46-standard.jpg,
marks-and-spencer-blended-scotch-whisky-00642521,Marks and Spencer,Blended Scotch Whisky,,
blended-scotch-whisky-40-3564700002445,Marque Rep├©re,Blended scotch whisky 40%,https://bcazowundzyzesxxddnr.supabase.co/storage/v1/object/public/bottles/expressions/blended-scotch-whisky-40-3564700002445.jpg,
marque-rep-re-blended-scotch-whisky-40-3564700002445,Marque Rep├©re,Blended scotch whisky 40%,https://bcazowundzyzesxxddnr.supabase.co/storage/v1/object/public/bottles/expressions/blended-scotch-whisky-40-3564700002445.jpg,
marque-rep-re-blended-scotch-whisky-40-3564700264706,Marque Rep├©re,Blended scotch whisky 40%,https://bcazowundzyzesxxddnr.supabase.co/storage/v1/object/public/bottles/expressions/blended-scotch-whisky-40-3564700002445.jpg,
blended-scotch-wisky-40-3564700055380,Marque Rep├©re,Blended scotch wisky 40%,https://bcazowundzyzesxxddnr.supabase.co/storage/v1/object/public/bottles/expressions/blended-scotch-whisky-40-3564700002445.jpg,
marque-rep-re-blended-scotch-wisky-40-3564700055380,Marque Rep├©re,Blended scotch wisky 40%,https://bcazowundzyzesxxddnr.supabase.co/storage/v1/object/public/bottles/expressions/blended-scotch-whisky-40-3564700002445.jpg,
marque-rep-re-bourbon-whiskey-40-vol-3564700536377,Marque Rep├©re,Bourbon whiskey 40┬░ vol.,https://bcazowundzyzesxxddnr.supabase.co/storage/v1/object/public/bottles/expressions/blended-scotch-whisky-40-3564700002445.jpg,
mc-bride-mac-brides-3596710189144,Mc Bride,Mac bride's,,
michters-us1-bourbon-standard,Michter's,Michter's US*1 Bourbon,,
michters-us1-rye-standard,Michter's,Michter's US*1 Rye,,
mh-apex-dead-sea-terroir,Milk & Honey,Apex Dead Sea Terroir,https://bcazowundzyzesxxddnr.supabase.co/storage/v1/object/public/bottles/expressions/mh-apex-dead-sea-terroir.jpg,
mh-apex-jerusalem-terroir,Milk & Honey,Apex Jerusalem Terroir,https://bcazowundzyzesxxddnr.supabase.co/storage/v1/object/public/bottles/expressions/mh-apex-jerusalem-terroir.jpg,
mh-classic-standard,Milk & Honey,Classic Single Malt,https://bcazowundzyzesxxddnr.supabase.co/storage/v1/object/public/bottles/expressions/mh-classic-standard.jpg,
mh-elements-sherry-cask,Milk & Honey,Elements Sherry Cask,https://bcazowundzyzesxxddnr.supabase.co/storage/v1/object/public/bottles/expressions/mh-apex-dead-sea-terroir.jpg,
monkey-shoulder-blended-malt-scotch-whisky-5010327656502,Monkey Shoulder,Blended malt scotch whisky,https://bcazowundzyzesxxddnr.supabase.co/storage/v1/object/public/bottles/expressions/monkey-shoulder-blended-malt-scotch-whisky-5010327656502.jpg,
monkey-shoulder-5010327105215,Monkey Shoulder,Monkey Shoulder,https://bcazowundzyzesxxddnr.supabase.co/storage/v1/object/public/bottles/expressions/monkey-shoulder-blended-malt-scotch-whisky-5010327656502.jpg,
monkey-shoulder-original-standard,Monkey Shoulder,Monkey Shoulder Blended Malt,https://bcazowundzyzesxxddnr.supabase.co/storage/v1/object/public/bottles/expressions/monkey-shoulder-blended-malt-scotch-whisky-5010327656502.jpg,
all-malt-whisky-4904230028253,Nikka,All Malt Whisky,https://bcazowundzyzesxxddnr.supabase.co/storage/v1/object/public/bottles/expressions/nikka-ftb-standard.jpg,
coffee-grain-whisky-4904230032731,Nikka,Coffee Grain Whisky,https://bcazowundzyzesxxddnr.supabase.co/storage/v1/object/public/bottles/expressions/nikka-ftb-standard.jpg,
nikka-coffey-grain-standard,Nikka,Coffey Grain,https://bcazowundzyzesxxddnr.supabase.co/storage/v1/object/public/bottles/expressions/nikka-ftb-standard.jpg,
nikka-ftb-standard,Nikka,From The Barrel,https://bcazowundzyzesxxddnr.supabase.co/storage/v1/object/public/bottles/expressions/nikka-ftb-standard.jpg,
nikka-3700597302309,Nikka,Nikka,https://bcazowundzyzesxxddnr.supabase.co/storage/v1/object/public/bottles/expressions/nikka-ftb-standard.jpg,
nikka-nikka-coffey-grain,Nikka,Nikka Coffey Grain,https://bcazowundzyzesxxddnr.supabase.co/storage/v1/object/public/bottles/expressions/nikka-ftb-standard.jpg,
nikka-nikka-coffey-malt,Nikka,Nikka Coffey Malt,https://bcazowundzyzesxxddnr.supabase.co/storage/v1/object/public/bottles/expressions/nikka-ftb-standard.jpg,
nikka-coffey-malt-whisky-3923874035725,Nikka,Nikka Coffey Malt Whisky,https://bcazowundzyzesxxddnr.supabase.co/storage/v1/object/public/bottles/expressions/nikka-ftb-standard.jpg,
nikka-nikka-from-the-barrel,Nikka,Nikka From The Barrel,https://bcazowundzyzesxxddnr.supabase.co/storage/v1/object/public/bottles/expressions/nikka-ftb-standard.jpg,
nikka-from-the-barrel-whisky-3700597302378,Nikka,Nikka From the Barrel Whisky,https://bcazowundzyzesxxddnr.supabase.co/storage/v1/object/public/bottles/expressions/nikka-ftb-standard.jpg,
taketsuru-pure-malt-4904230034971,Nikka,Taketsuru Pure Malt,https://bcazowundzyzesxxddnr.supabase.co/storage/v1/object/public/bottles/expressions/nikka-ftb-standard.jpg,
nikka-yoichi-nas,Nikka,Yoichi Single Malt,https://bcazowundzyzesxxddnr.supabase.co/storage/v1/object/public/bottles/expressions/nikka-ftb-standard.jpg,
nikka-black-clear-49123814,Nikka Whisky,Nikka Black clear,,
obrian-pure-malt-scotch-whisky-aged-12-years-3147690051701,O'Brian,Pure Malt Scotch Whisky aged 12 years,,
oban-oban-14-year-old,Oban,Oban 14 Year Old,https://bcazowundzyzesxxddnr.supabase.co/storage/v1/object/public/bottles/expressions/oban-oban-14-year-old.jpg,
oban-14-standard,Oban,Oban 14 Year Old,https://bcazowundzyzesxxddnr.supabase.co/storage/v1/object/public/bottles/expressions/oban-oban-14-year-old.jpg,
oban-oban-little-bay,Oban,Oban Little Bay,https://bcazowundzyzesxxddnr.supabase.co/storage/v1/object/public/bottles/expressions/oban-oban-14-year-old.jpg,
old-john-whisky-4033209014024,Old John,whisky,https://bcazowundzyzesxxddnr.supabase.co/storage/v1/object/public/bottles/expressions/old-john-whisky-4033209014024.jpg,
old-pulteney-12-standard,Old Pulteney,Old Pulteney 12 Year Old,,
old-pulteney-single-malt-scotch-whisky-5010509060028,Old Pulteney,Old Pulteney Single Malt Scotch Whisky,,
old-pulteney-old-pulteney-single-malt-scotch-whisky-5010509060028,Old Pulteney,Old Pulteney Single Malt Scotch Whisky,,
old-smuggler-blended-scotch-whisky-5010327605005,Old smuggler,Blended scotch whisky,,
irish-wiskey-1210000100818,Paddy,Irish Wiskey,,
paddy-1210000100771,Paddy,Paddy,,
paddy-whisky-5011007005009,Paddy,Whisky,,
pelter-single-malt-10y,Pelter,Single Malt 10 Year Old,,
pelter-wine-cask-cabernet,Pelter,Wine Cask Finish Cabernet,,
penderyn-madeira-standard,Penderyn,Penderyn Madeira Finish,,
petit-wisky-5011007017309,Petit Wisky,Petit Wisky,,
port-charlotte-heavy-peated-10-years-5055807409940,Port Charlotte,Heavy peated 10 years,,
pouce-blended-whisky-3596710551767,Pouce,Blended Whisky,,
red-label-johnnie-walker-9310297650170,Red Label,JOHNNIE WALKER,https://bcazowundzyzesxxddnr.supabase.co/storage/v1/object/public/bottles/expressions/red-label-johnnie-walker-9310297650170.jpg,
redbreast-12-standard,Redbreast,Redbreast 12 Year Old,https://bcazowundzyzesxxddnr.supabase.co/storage/v1/object/public/bottles/expressions/redbreast-12-standard.jpg,
redbreast-redbreast-12-year-old,Redbreast,Redbreast 12 Year Old,https://bcazowundzyzesxxddnr.supabase.co/storage/v1/object/public/bottles/expressions/redbreast-single-pot-still-irish-whiskey-lustau-edition-5011007015787.jpg,
redbreast-redbreast-12yo-5011007008345,Redbreast,Redbreast 12YO,https://bcazowundzyzesxxddnr.supabase.co/storage/v1/object/public/bottles/expressions/redbreast-single-pot-still-irish-whiskey-lustau-edition-5011007015787.jpg,
redbreast-12yo-5011007008345,Redbreast,Redbreast 12YO,https://bcazowundzyzesxxddnr.supabase.co/storage/v1/object/public/bottles/expressions/redbreast-single-pot-still-irish-whiskey-lustau-edition-5011007015787.jpg,
redbreast-redbreast-15-year-old,Redbreast,Redbreast 15 Year Old,https://bcazowundzyzesxxddnr.supabase.co/storage/v1/object/public/bottles/expressions/redbreast-single-pot-still-irish-whiskey-lustau-edition-5011007015787.jpg,
redbreast-15-standard,Redbreast,Redbreast 15 Year Old,https://bcazowundzyzesxxddnr.supabase.co/storage/v1/object/public/bottles/expressions/redbreast-15-standard.jpg,
redbreast-redbreast-21-year-old,Redbreast,Redbreast 21 Year Old,https://bcazowundzyzesxxddnr.supabase.co/storage/v1/object/public/bottles/expressions/redbreast-single-pot-still-irish-whiskey-lustau-edition-5011007015787.jpg,
redbreast-21-standard,Redbreast,Redbreast 21 Year Old,https://bcazowundzyzesxxddnr.supabase.co/storage/v1/object/public/bottles/expressions/redbreast-21-standard.jpg,
redbreast-single-pot-still-irish-whiskey-lustau-edition-5011007015787,Redbreast,"Redbreast Single Pot Still Irish Whiskey, Lustau Edition",https://bcazowundzyzesxxddnr.supabase.co/storage/v1/object/public/bottles/expressions/redbreast-single-pot-still-irish-whiskey-lustau-edition-5011007015787.jpg,
sam-barton-sam-barton-3147697716207,SAM BARTON,Sam Barton,https://bcazowundzyzesxxddnr.supabase.co/storage/v1/object/public/bottles/expressions/sam-barton-sam-barton-3147697716207.jpg,
scapa-scapa-skiren-5000299607091,Scapa,Scapa Skiren,,
scapa-skiren-standard,Scapa,Scapa Skiren,,
100-pipers-blended-scotch-whisky-5000299202203,Seagram's,100 Pipers - Blended scotch whisky,,
seven-oaks-bourbon-whisky-6405310062184,Seven Oaks,Bourbon Whisky,,
sir-edwards-3012993024939,Sir Edwards,Sir Edward's,,
sir-edwards-sir-edwards-magnum-whisky-40-8410490250007,Sir Edwards,Sir Edwards Magnum Whisky 40┬║,,
sir-edward-s-3012993056848,Sir Edwards,Sir edwardŌĆÖs,,
smokehead-smokehead-5010852038699,Smokehead,Smokehead,,
springbank-10-standard,Springbank,Springbank 10 Year Old,https://bcazowundzyzesxxddnr.supabase.co/storage/v1/object/public/bottles/expressions/springbank-10-standard.jpg,
springbank-15-standard,Springbank,Springbank 15 Year Old,https://bcazowundzyzesxxddnr.supabase.co/storage/v1/object/public/bottles/expressions/springbank-15-standard.jpg,
starward-nova-standard,Starward,Starward Nova,,
statesman-blended-scotch-whisky-4088500644791,Statesman,Blended Scotch Whisky,,
strathisla-whisky-single-malt-5000299603376,Strathisla,whisky single malt,,
suntory-highball-4901777248748,Suntory,Suntory Highball,,
the-chita-4901777286177,Suntory,The Chita,,
suntory-the-chita-4901777286177,Suntory,The Chita,,
the-yamazaki-single-malt-whisky-4901777254800,Suntory,The Yamazaki Single Malt Whisky,,
suntory-the-yamazaki-single-malt-whisky-4901777254800,Suntory,The Yamazaki Single Malt Whisky,,
the-chita-4901777279421,Suntory,The chita,,
talisker-10-standard,Talisker,10 Year Old,https://bcazowundzyzesxxddnr.supabase.co/storage/v1/object/public/bottles/expressions/talisker-10-standard.jpg,
talisker-18-standard,Talisker,18 Year Old,https://bcazowundzyzesxxddnr.supabase.co/storage/v1/object/public/bottles/expressions/talisker-18-standard.jpg,
talisker-storm-standard,Talisker,Storm,https://bcazowundzyzesxxddnr.supabase.co/storage/v1/object/public/bottles/expressions/talisker-10-standard.jpg,
teeling-irish-whiskey-teeling-single-grain-46-5391523270175,Teeling,Irish Whiskey Teeling Single Grain (46%),,
irish-whiskey-teeling-single-grain-46-5391523270175,Teeling,Irish Whiskey Teeling Single Grain (46%),,
teeling-single-grain-standard,Teeling,Teeling Single Grain,,
teeling-single-malt-standard,Teeling,Teeling Single Malt,,
tenjaku-blended-whisky-4582410703284,Tenjaku,Blended Whisky,https://bcazowundzyzesxxddnr.supabase.co/storage/v1/object/public/bottles/expressions/tenjaku-blended-whisky-4582410703284.jpg,
tesco-special-reserve-blended-scotch-whisky-5018374066527,Tesco,Special Reserve Blended Scotch Whisky,,
the-deveron-the-deveron-aged-10-years-5010752000826,The Deveron,The Deveron Aged 10 Years,,
macallan-12-sherry-standard,The Macallan,12 Year Old Sherry Oak,https://bcazowundzyzesxxddnr.supabase.co/storage/v1/object/public/bottles/expressions/macallan-18-sherry-standard.jpg,
macallan-18-sherry-standard,The Macallan,18 Year Old Sherry Oak,https://bcazowundzyzesxxddnr.supabase.co/storage/v1/object/public/bottles/expressions/macallan-18-sherry-standard.jpg,
macallan-rare-cask-2023,The Macallan,Rare Cask 2023,https://bcazowundzyzesxxddnr.supabase.co/storage/v1/object/public/bottles/expressions/macallan-rare-cask-2023.jpg,
the-macallan-the-macallan-12-year-old-double-cask,The Macallan,The Macallan 12 Year Old Double Cask,,
the-macallan-the-macallan-12-year-old-sherry-oak,The Macallan,The Macallan 12 Year Old Sherry Oak,,
the-macallan-the-macallan-18-year-old-sherry-oak,The Macallan,The Macallan 18 Year Old Sherry Oak,,
the-macallan-the-macallan-rare-cask,The Macallan,The Macallan Rare Cask,,
the-real-mccoy-cutty-sark-prohibition-edition-5010504100309,The Real McCoy,Cutty Sark Prohibition Edition,,
tokinoka-3014323700513,Tokinoka,Tokinoka,https://bcazowundzyzesxxddnr.supabase.co/storage/v1/object/public/bottles/expressions/tokinoka-3014323700513.jpg,
tullamore-dew-irish-whiskey-5391516891523,Tullamore Dew,Irish whiskey,,
u-blended-scotch-whisky-3-ans-d-ge-mac-gallagan-40-bouteille-de-1l-3256221675993,U,"Blended Scotch Whisky 3 ans d'├óge Mac Gallagan 40┬░, bouteille de 1l",https://bcazowundzyzesxxddnr.supabase.co/storage/v1/object/public/bottles/expressions/u-whisky-fran-ais-single-malt-french-flanker-42-bouteille-de-70cl-3368950757250.jpg,
blended-scotch-whisky-3-ans-d-ge-mac-gallagan-40-bouteille-de-1l-325622167599300,U,"Blended Scotch Whisky 3 ans d'├óge Mac Gallagan 40┬░, bouteille de 1l",https://bcazowundzyzesxxddnr.supabase.co/storage/v1/object/public/bottles/expressions/u-whisky-fran-ais-single-malt-french-flanker-42-bouteille-de-70cl-3368950757250.jpg,
blended-scotch-whisky-3-ans-d-ge-mac-gallagan-40-bouteille-de-1l-3256221675993,U,"Blended Scotch Whisky 3 ans d'├óge Mac Gallagan 40┬░, bouteille de 1l",https://bcazowundzyzesxxddnr.supabase.co/storage/v1/object/public/bottles/expressions/u-whisky-fran-ais-single-malt-french-flanker-42-bouteille-de-70cl-3368950757250.jpg,
blended-scotch-whisky-mac-gallagan-3-ans-40-vol-1-5-l-325622167600600,U,"Blended Scotch Whisky Mac Gallagan 3 ans 40┬░ vol. 1,5 L",https://bcazowundzyzesxxddnr.supabase.co/storage/v1/object/public/bottles/expressions/u-whisky-fran-ais-single-malt-french-flanker-42-bouteille-de-70cl-3368950757250.jpg,
blended-scotch-whisky-mac-gallagan-3-ans-40-vol-1-5-l-3256221676006,U,"Blended Scotch Whisky Mac Gallagan 3 ans 40┬░ vol. 1,5 L",https://bcazowundzyzesxxddnr.supabase.co/storage/v1/object/public/bottles/expressions/u-whisky-fran-ais-single-malt-french-flanker-42-bouteille-de-70cl-3368950757250.jpg,
blended-scotch-whisky-old-glenmore-40-bouteille-de-1l-3256226085124,U,"Blended Scotch Whisky Old Glenmore 40┬░, bouteille de 1l",https://bcazowundzyzesxxddnr.supabase.co/storage/v1/object/public/bottles/expressions/u-whisky-fran-ais-single-malt-french-flanker-42-bouteille-de-70cl-3368950757250.jpg,
u-blended-scotch-whisky-old-glenmore-40-bouteille-de-1l-3256226085124,U,"Blended Scotch Whisky Old Glenmore 40┬░, bouteille de 1l",https://bcazowundzyzesxxddnr.supabase.co/storage/v1/object/public/bottles/expressions/u-whisky-fran-ais-single-malt-french-flanker-42-bouteille-de-70cl-3368950757250.jpg,
blended-scotch-whisky-old-glenmore-40-bouteille-de-1l-325622608512400,U,"Blended Scotch Whisky Old Glenmore 40┬░, bouteille de 1l",https://bcazowundzyzesxxddnr.supabase.co/storage/v1/object/public/bottles/expressions/u-whisky-fran-ais-single-malt-french-flanker-42-bouteille-de-70cl-3368950757250.jpg,
whisky-old-glenmore-40-bouteille-de-70cl-3256226085117,U,Whisky Old Glenmore 40┬░ bouteille de 70cl,https://bcazowundzyzesxxddnr.supabase.co/storage/v1/object/public/bottles/expressions/u-whisky-fran-ais-single-malt-french-flanker-42-bouteille-de-70cl-3368950757250.jpg,
whisky-old-glenmore-40-bouteille-de-70cl-325622608511700,U,Whisky Old Glenmore 40┬░ bouteille de 70cl,https://bcazowundzyzesxxddnr.supabase.co/storage/v1/object/public/bottles/expressions/u-whisky-fran-ais-single-malt-french-flanker-42-bouteille-de-70cl-3368950757250.jpg,
u-whisky-fran-ais-single-malt-french-flanker-42-bouteille-de-70cl-3368950757250,U,"Whisky fran├¦ais single malt French Flanker 42┬░, bouteille de 70cl",https://bcazowundzyzesxxddnr.supabase.co/storage/v1/object/public/bottles/expressions/u-whisky-fran-ais-single-malt-french-flanker-42-bouteille-de-70cl-3368950757250.jpg,
vat-69-whisky-vat-69-5000292261115,Vat 69,Whisky VAT 69,,
warenghem-whisky-breton-3233990000539,Warenghem,Whisky Breton,,
western-gold-bourbon-whiskey-4056489010517,Western Gold,Bourbon Whiskey,,
whisky-5099873088654,Whisky,Whisky,https://bcazowundzyzesxxddnr.supabase.co/storage/v1/object/public/bottles/expressions/whisky-5099873088654.jpg,
whisky-5000281002538,Whisky,Whisky,https://bcazowundzyzesxxddnr.supabase.co/storage/v1/object/public/bottles/expressions/whisky-5099873088654.jpg,
whisky-5010327208237,Whisky,Whisky,https://bcazowundzyzesxxddnr.supabase.co/storage/v1/object/public/bottles/expressions/whisky-5099873088654.jpg,
whisky-4901903064105,Whisky,whisky,https://bcazowundzyzesxxddnr.supabase.co/storage/v1/object/public/bottles/expressions/whisky-5099873088654.jpg,
whistlepig-10-standard,WhistlePig,WhistlePig 10 Year Rye,https://bcazowundzyzesxxddnr.supabase.co/storage/v1/object/public/bottles/expressions/whistlepig-10-standard.jpg,
whistlepig-12-old-world,WhistlePig,WhistlePig 12 Old World,https://bcazowundzyzesxxddnr.supabase.co/storage/v1/object/public/bottles/expressions/whistlepig-12-old-world.jpg,
whistlepig-15-standard,WhistlePig,WhistlePig 15 Year Estate Oak,https://bcazowundzyzesxxddnr.supabase.co/storage/v1/object/public/bottles/expressions/whistlepig-15-standard.jpg,
white-horse-blended-scotch-whisky-5000265001199,White Horse,Blended Scotch Whisky,,
akashi-blend-whisky-4969265703308,White Oak Distillery,Akashi Blend Whisky,,
wild-turkey-russells-reserve-10-year-old,Wild Turkey,Russell's Reserve 10 Year Old,https://bcazowundzyzesxxddnr.supabase.co/storage/v1/object/public/bottles/expressions/wild-turkey-rare-breed-standard.jpg,
wild-turkey-wild-turkey-zero-sugar-cola-9343496001948,Wild Turkey,Wild Turkey & Zero Sugar Cola,https://bcazowundzyzesxxddnr.supabase.co/storage/v1/object/public/bottles/expressions/wild-turkey-rare-breed-standard.jpg,
wild-turkey-101-standard,Wild Turkey,Wild Turkey 101,https://bcazowundzyzesxxddnr.supabase.co/storage/v1/object/public/bottles/expressions/wild-turkey-rare-breed-standard.jpg,
wild-turkey-wild-turkey-101,Wild Turkey,Wild Turkey 101,https://bcazowundzyzesxxddnr.supabase.co/storage/v1/object/public/bottles/expressions/wild-turkey-rare-breed-standard.jpg,
wild-turkey-rare-breed-standard,Wild Turkey,Wild Turkey Rare Breed,https://bcazowundzyzesxxddnr.supabase.co/storage/v1/object/public/bottles/expressions/wild-turkey-rare-breed-standard.jpg,
wild-turkey-wild-turkey-rare-breed,Wild Turkey,Wild Turkey Rare Breed,https://bcazowundzyzesxxddnr.supabase.co/storage/v1/object/public/bottles/expressions/wild-turkey-rare-breed-standard.jpg,
blended-scotch-whisky-5000267024233,William Lawson's,Blended Scotch Whisky,https://bcazowundzyzesxxddnr.supabase.co/storage/v1/object/public/bottles/expressions/blended-scotch-whisky-20005009.jpg,
blended-scotch-whisky-20005009,William Lawson's,Blended Scotch Whisky,https://bcazowundzyzesxxddnr.supabase.co/storage/v1/object/public/bottles/expressions/blended-scotch-whisky-20005009.jpg,
blended-scotch-whisky-8480000137425,William Lawson's,Blended Scotch Whisky,https://bcazowundzyzesxxddnr.supabase.co/storage/v1/object/public/bottles/expressions/blended-scotch-whisky-20005009.jpg,
blended-scotch-whisky-3132593000055,William Lawson's,Blended Scotch Whisky,https://bcazowundzyzesxxddnr.supabase.co/storage/v1/object/public/bottles/expressions/blended-scotch-whisky-20005009.jpg,
blended-scotch-whisky-5010314700003,William Lawson's,Blended Scotch Whisky,https://bcazowundzyzesxxddnr.supabase.co/storage/v1/object/public/bottles/expressions/blended-scotch-whisky-20005009.jpg,
blended-scotch-whisky-5010752000307,William Lawson's,Blended Scotch Whisky,https://bcazowundzyzesxxddnr.supabase.co/storage/v1/object/public/bottles/expressions/blended-scotch-whisky-20005009.jpg,
blended-scotch-whisky-3147699106020,William Lawson's,Blended Scotch Whisky,https://bcazowundzyzesxxddnr.supabase.co/storage/v1/object/public/bottles/expressions/blended-scotch-whisky-20005009.jpg,
blended-scotch-whisky-4056489149804,William Lawson's,Blended scotch whisky,https://bcazowundzyzesxxddnr.supabase.co/storage/v1/object/public/bottles/expressions/blended-scotch-whisky-20005009.jpg,
blended-scotch-whisky-5010327605005,William Lawson's,Blended scotch whisky,https://bcazowundzyzesxxddnr.supabase.co/storage/v1/object/public/bottles/expressions/blended-scotch-whisky-5010327605005.jpg,
blended-scotch-whisky-8410490267227,William Lawson's,Blended scotch whisky,https://bcazowundzyzesxxddnr.supabase.co/storage/v1/object/public/bottles/expressions/blended-scotch-whisky-20005009.jpg,
blended-scotch-whisky-5010106110232,William Lawson's,Blended scotch whisky,https://bcazowundzyzesxxddnr.supabase.co/storage/v1/object/public/bottles/expressions/blended-scotch-whisky-20005009.jpg,
blended-scotch-whisky-5010204847450,William Lawson's,blended scotch whisky,https://bcazowundzyzesxxddnr.supabase.co/storage/v1/object/public/bottles/expressions/blended-scotch-whisky-20005009.jpg,
whisky-ecosse-blended-sans-ge-150-cl-william-peel-3107872002808,William Peel,Whisky Ecosse blended sans ├óge 150 cl William Peel,,
woodford-reserve-ds-standard,Woodford Reserve,Woodford Reserve Distiller's Select,https://bcazowundzyzesxxddnr.supabase.co/storage/v1/object/public/bottles/expressions/woodford-reserve-double-oaked.jpg,
woodford-reserve-woodford-reserve-distillers-select,Woodford Reserve,Woodford Reserve Distiller's Select,https://bcazowundzyzesxxddnr.supabase.co/storage/v1/object/public/bottles/expressions/woodford-reserve-double-oaked.jpg,
woodford-reserve-double-oaked,Woodford Reserve,Woodford Reserve Double Oaked,https://bcazowundzyzesxxddnr.supabase.co/storage/v1/object/public/bottles/expressions/woodford-reserve-double-oaked.jpg,
woodford-reserve-woodford-reserve-double-oaked,Woodford Reserve,Woodford Reserve Double Oaked,https://bcazowundzyzesxxddnr.supabase.co/storage/v1/object/public/bottles/expressions/woodford-reserve-double-oaked.jpg,
woodford-reserve-woodford-reserve-rye,Woodford Reserve,Woodford Reserve Rye,https://bcazowundzyzesxxddnr.supabase.co/storage/v1/object/public/bottles/expressions/woodford-reserve-double-oaked.jpg,
yamazaki-12-standard,Yamazaki,12 Year Old,https://bcazowundzyzesxxddnr.supabase.co/storage/v1/object/public/bottles/expressions/yamazaki-12-standard.jpg,
yamazaki-18-standard,Yamazaki,18 Year Old,https://bcazowundzyzesxxddnr.supabase.co/storage/v1/object/public/bottles/expressions/yamazaki-18-standard.jpg,
yamazaki-distillers-reserve,Yamazaki,Distiller's Reserve,https://bcazowundzyzesxxddnr.supabase.co/storage/v1/object/public/bottles/expressions/yamazaki-12-standard.jpg,
yamazaki-yamazaki-12-year-old,Yamazaki,Yamazaki 12 Year Old,https://bcazowundzyzesxxddnr.supabase.co/storage/v1/object/public/bottles/expressions/yamazaki-12-standard.jpg,
yamazaki-yamazaki-18-year-old,Yamazaki,Yamazaki 18 Year Old,https://bcazowundzyzesxxddnr.supabase.co/storage/v1/object/public/bottles/expressions/yamazaki-yamazaki-18-year-old.jpg,
yamazaki-yamazaki-distillers-reserve,Yamazaki,Yamazaki Distiller's Reserve,https://bcazowundzyzesxxddnr.supabase.co/storage/v1/object/public/bottles/expressions/yamazaki-12-standard.jpg,
cardhu-gold-reserve-5000267125497,cardhu,gold reserve,,
compass-box-hedonism-standard,compass box,Compass Box Hedonism,,
compass-box-spice-tree-standard,compass box,Compass Box Spice Tree,,
compass-box-peat-monster-standard,compass box,Compass Box The Peat Monster,,
compass-box-peat-monster-5065000482190,compass box,peat monster,,
eddu-grey-rock-tourb-3426390801121,eddu,Grey rock tourb├®,,
glengrant-whisky-0080432403020,glengrant,whisky,,
whisky-blend-togouchi-4901903064075,togouchi,Whisky Blend Togouchi,,
